"CNAME",
"National Museum of African American History and Culture",
"National Museum of African Art",
"National Air and Space Museum",
"National Air and Space Museum Steven F. Udvar-Hazy Center",
"Smithsonian American Art Museum",
"National Museum of American History",
"National Museum of the American Indian",
"National Museum of the American Indian George Gustav Heye Center",
"Anacostia Community Museum",
"Arts and Industries Building",
"Cooper Hewitt, Smithsonian Design Museum",
"Freer Gallery of Art",
"Hirshhorn Museum and Sculpture Garden",
"National Museum of Natural History",
"National Portrait Gallery",
"National Postal Museum",
"Renwick Gallery of the Smithsonian American Art Museum",
"S. Dillon Ripley Center",
"Arthur M. Sackler Gallery",
