"event name","COMPONENT","ROOM","LOCATION",
"American Experiments","National Museum of American History","Unity Square, 2 West","1300 Constitution Ave., NW Washington DC",
"Bison: One-Stop Shopping","National Museum of the American Indian","imagiNATIONS Activity Center, 3rd Level","4th Street and Independence Ave., SW Washington DC",
"British Women Novelists: The Times of Their Lives","S. Dillon Ripley Center","1100 Jefferson Dr SW, Metro: Smithsonian (Mall exit)","1100 Jefferson Drive, SW Washington DC",
"Dino-fy Yourself: Make your own prehistoric animal costume","National Museum of Natural History","Q?rius Lab, Ground Floor","10th St. & Constitution Ave. NW Washington DC",
"Elizabeth I: Creating the Queen","S. Dillon Ripley Center","1100 Jefferson Dr SW, Metro: Smithsonian (Mall exit)","1100 Jefferson Drive, SW Washington DC",
"How to Look At Art: Abstract Expressionism","Hirshhorn Museum and Sculpture Garden","Lobby","Independence Ave. at 7th St., SW Washington DC",
"In Focus","Freer Gallery of Art","Freer Visitor Services Desk at 11:30am","Jefferson Drive and 12th St., SW Washington DC",
"Kaypi Peru Festival","National Museum of the American Indian","Potomac and Rasmuson Theater","4th Street and Independence Ave., SW Washington DC",
"Live Tarantula Feedings","National Museum of Natural History","2nd Floor, West, O. Orkin Insect Zoo","10th St. & Constitution Ave. NW Washington DC",
"Meditation and Mindfulness","Freer Gallery of Art","Freer, gallery 5","Jefferson Drive and 12th St., SW Washington DC",
"Oil Painting Boot Camp","S. Dillon Ripley Center","Room 3038/39, 1100 Jefferson Dr SW, Metro: Smithsonian (Mall exit)","1100 Jefferson Drive, SW Washington DC",
"Shout!","National Museum of American History","3 West","1300 Constitution Ave., NW Washington DC",
"The Great Concertos","S. Dillon Ripley Center","1100 Jefferson Dr SW, Metro: Smithsonian (Mall exit),","1100 Jefferson Drive, SW Washington DC",
"The Young Historians Institute","National Museum of African American History and Culture","Classrooms","1400 Constitution Ave., NW Washington DC",
"Totally 90s Film Festival: Fight Club","National Museum of American History","Warner Bros. Theater","1300 Constitution Ave., NW Washington DC",
"Twos Travelers - Fire and Water","National Museum of Natural History","0, Ground Level Constitution Ave. Lobby","10th St. & Constitution Ave. NW Washington DC",
"Votes for Women","National Museum of American History","American Democracy, 2 West","1300 Constitution Ave., NW Washington DC",
"Wildlife Migration Day","National Zoo","Zoo-wide","3001 Connecticut Ave., NW Washington DC",
"Wonderplace","National Museum of American History","Wonderplace, 1 West","1300 Constitution Ave., NW Washington DC",
